{
  "df3721dc-77ac-40e9-a94e-642caee1512f": {
    "views": 10,
    "totalWatchTime": 0,
    "duration": 0,
    "watchSessions": []
  },
  "0cf3a100-8fcc-41e8-80e3-449739351710": {
    "views": 5,
    "totalWatchTime": 0,
    "duration": 0,
    "watchSessions": []
  },
  "23e37198-9c79-40f0-a2e3-62607f2f6411": {
    "views": 7,
    "totalWatchTime": 0,
    "duration": 0,
    "watchSessions": []
  },
  "a7c18b22-bb3e-4ca8-b1c5-4adebeb1ffc7": {
    "views": 12,
    "totalWatchTime": 44.708316999999994,
    "duration": 8.032,
    "watchSessions": [
      63,
      94,
      100,
      100,
      100,
      100
    ]
  },
  "22cbd522-9210-4ff0-b11a-ba92b490dd9d": {
    "views": 8,
    "totalWatchTime": 7.73354,
    "duration": 3.86677,
    "watchSessions": [
      100,
      100
    ]
  },
  "10be49d5-69aa-4d0a-a46d-7855cd7cfb64": {
    "views": 1,
    "totalWatchTime": 4.409448,
    "duration": 4.776667,
    "watchSessions": [
      92
    ]
  }
}